ID;Key;Translation
53a78728-d3ed-4b54-a306-3a0c061be482;estar ;sein
e7ef1a80-14df-4bcf-9de5-73186273fed5;ser;sein
46293cc4-3278-4929-a473-47701926a420;eu estou;ich bin
942c5a48-a32a-4436-ab66-d55306ed7d5c;eu sou;ich bin
8b1db000-6512-41c5-8c27-5d33871dc152;vc é;du bist
36bfad34-ef4f-4711-b463-b65b90c4ec94;vc está;du bist
ddabc26b-9b70-4e42-ad59-853fe2b6459d;ele é;er ist
91f5ddc9-b08d-44ab-abe6-1a6d4b3a538e;ela é;sie ist
5a04722b-1b85-4451-a039-683fd83fd706;nós somos;wir sind
abab5c6c-570d-4f7d-93f9-ebf49372fc32;nós estamos;wir sind
5e4606f3-4345-4f01-b0e6-c218c3585665;vcs são/estão;ihr seid
37c13b19-82c9-4bfb-ba48-6a2328011466;eles são/estão;sie sind
2a363e77-1452-4ba8-bde7-afdc329b3ed0;elas sáo/estão;sie sind
f3157958-077f-44c3-84fa-aa69d72925ce;O Senhor está;Sie sind
8819b905-96d4-4838-a2cd-dd964d3f4cd6;A Senhora é;Sie sind
a7a51e54-3a33-46f0-aaa6-23aa086fb7a9;Du bist;vc é/vc está
341b48d2-abe5-44b6-a84e-570f2ecb26d3;er ist;ele é ou ele está
f5f67cd9-8932-4a2c-9450-ec2b0092ba6f;Sie sind;O Senhor/A Senhora é/está
99f011d5-d22f-44eb-8894-bce2c20a66b4;sie sind;eles sáo
afd42e0a-4c22-4997-a073-972b2de04ee2;ter;haben
66201eec-2524-4a91-8772-16ee6804ed1f;eu tenho;ich habe
f7bbfa41-0fe7-4fcb-b9de-77d2c6dc0f6b;você tem;du hast
2590931b-9a5a-4e1c-bcf0-1f5a0cf64cee;ele têm;er hat
2414d269-6a48-4d53-bf37-1ff1cbb036e4;ela têm;sie hat
dfc325d5-78ef-429b-983f-1b852229763e;es hat;"ele ou ela têm (""es"" é neutrum)"
0a3c2acc-fb33-4d89-97b6-cfa84847b385;nós temos;wir haben
9d474ea4-8907-4511-b375-9da17b4ce710;vocês tem;ihr habt
e53aed8b-292b-46bc-ac81-8c0109b65412;eles têm;sie haben
33264360-21de-4a64-8f90-52aba407d6e3;O Senhor tem;Sie haben
b43bf03c-bb3b-45d1-9ff5-383514c88c83;A Senhora tem;Sie haben
017764ee-5bc0-4f73-9230-1be885a9baa3;Sie haben;O Senhor/A Senhora tem
83141a2c-b005-43f9-b985-6b8c02394550;ir;gehen
f4f7d6f9-d59e-45fe-86cb-ca8409369ef7;eu vou;ich gehe
4311282a-768e-4f48-b327-58c394e0e68b;vc vai;Du gehst
dc4d6035-5743-43b9-9df5-63c000209d06;ele vai;er geht
f5f329f8-308a-4ef7-8178-7bf18225c026;ela vai;sie geht
1ffaa7df-c700-4e36-9d19-c679c794fc0e;estou bem;mir geht es gut
b62c0672-d48b-4923-94c2-fa53121bba12;wie geht's?;como vai?
6fe5f9fd-32f9-4f68-8417-8d951071c5b6;O Senhor vai ?;Gehen Sie ?
1326bdc5-cd02-4ca4-a6f2-49d5baeb31e7;nós vamos;wir gehen
fc58ca10-9524-4103-ba63-b43aa7346b1c;vocês vão;ihr geht
5b9ed5af-1aa0-4c1e-aad3-585c227008d1;eles vão;sie gehen
6a9b78e2-8c3a-4a2f-82a2-2de5087477a3;eu fui;ich bin gegangen (tbm: ich ging)
c7c6ea92-1a80-4cd0-b4e2-f0e1d596db0e;vc foi;du bist gegangen (tbm: du gingst)
6ca26372-f9a0-4df0-8409-4beba041de1e;ele foi;er ist gegangen (tbm: er ging)
8b17c2bd-d8b8-4d06-98b7-4d155b22494e;ela foi;sie ist gegangen (tbm: sie ging)
24626e00-29a6-4da7-9258-7e458abaf8a7;nós fomos;wir sind gegangen (tbm: wir gingen)
80a79397-72e7-485f-817e-f8c69bd2c68c;vcs foram;ihr seid gegangen (tbm: ihr gingt)
08ef441e-9633-4192-8a94-33171ef7b6f6;eles foram;sie sind gegangen (tbm: sie gingen)
2d70365c-3a3b-4ce5-bfd2-edffcd89289a;o fome;der Hunger
80ac09f2-ca49-43da-83cd-211a6c09d8cb;eu tenho fome;ich habe Hunger
6a63600c-a1cf-44fe-8858-f5f319658335;eu tive fome;ich habe Hunger gehabt (tbm: ich hatte Hunger)
802cb088-1a5c-4499-a86a-81e960e62f8c;vc teve fome;Du hast Hunger gehabt (tbm: du hattest Hunger)
652de377-7162-4364-a853-41caa30fbe75;ele teve fome;Er hat Hunger gehabt (tbm: er hatte Hunger)
2dda9d05-ba06-4846-91a7-432079101053;nós tivemos fome;wir haben Hunger gehabt (tbm: wir hatten Hunger)
a70bc2eb-2463-4949-9a77-374a5379dc9d;vcs tiveram fome;ihr habt Hunger gehabt (tbm: ihr hattet Hunger)
697b9100-01ed-41ff-a8cc-a21f7e903275;eles tiveram fome;sie haben Hunger gehabt (tbm: sie hatten Hunger)
f79f4bc0-4be4-4bc9-80b9-6b672192187f;tambêm;auch
fae060c7-f0ec-4444-b1cf-76fea6d8b439;já;schon
84c61e34-0ffe-49a1-ac9c-f4da288c7192;bonito,lindo;schön
37690935-b93e-438d-9e56-f7ddc712fd66;schon;já
196e41bc-972e-4ede-bd49-0fd4a49f9d5a;schön;bonito,lindo
669442b9-dddb-4868-b7bb-1b76ab1c2623;Oi;Hallo
dd6aae5e-49f2-415e-b09a-e6b91717e719;1;"""eins"""
ec8ce20c-5ec9-4d78-b0b1-6579ecc03239;uma;eine
7a631d13-b133-42ac-8b98-460fa7d825b3;um;ein
bc265655-980d-47bc-9971-1d27d3c00f3a;2;"""zwei"""
f9c752ba-0b9f-4f4c-864a-581a97b7940d;6;"""sechs"""
28a00b4a-9807-47f1-afbe-32a56b7a0148;3;"""drei"""
18a1a0d3-0b38-41bb-89f1-c3670e6fe584;7;"""sieben"""
d557096f-168e-47d0-91cf-3deae616e496;8;"""acht"""
d21041b7-61c3-4179-8228-5b026c03d2b6;4;"""vier"""
c834576e-6f37-477d-96a8-802243cfc2be;5;"""fünf"""
9e6157b3-a8b9-48a9-874f-2b680d9a9904;10;"""zehn"""
7ce3e9c4-b85e-4594-8139-d76569e9292b;"""zwei""";2
26c3a6cb-a55e-4b04-bd55-55668aba91da;"""sechs""";6
92acd673-5d22-4e38-85da-70a2460ffd2b;"""drei""";3
f35378c3-20e7-4a78-9a6c-95bf5607d6bf;"""sieben""";7
519ed477-6cf9-43e1-a2c7-437a15e93e90;"""acht""";8
640fe522-5c59-4f82-8d5e-19934eec2625;"""vier""";4
fd30dbe6-7431-417e-ac75-d4ef42b88354;"""fünf""";5
bb94aa75-826f-462b-89a8-1e69ada71eef;"""zehn""";10
ba9cd39a-a8a9-4cff-8545-112ef4796e18;"""eins""";1
413d850d-a722-4795-980a-ba1825fd3052;eine;uma
5d57879b-6723-4786-9a28-bc451b557d3f;ein;um
fe6b36f8-6205-411a-a7d5-c2bb18fb5fef;13;dreizehn
b0c19bb8-9746-4f3d-b7c5-2bcee62af4b9;11;elf
b531ab1f-a034-40bb-a45c-82153b9ebe93;12;zwölf
cae92299-4924-4916-af08-33274b13fbaa;14;vierzehn
b460a8d0-951b-4ef3-baf6-36caa50c59b7;16;sechzehn
ff30ef7b-5311-40d1-b57e-e19564fa6653;13;dreizehn
50d91ed9-e3f9-420b-9927-f3496543bd3d;17;siebzehn
7d47d35f-2854-4a21-9fd4-30e547b581cc;19;neunzehn
086dbbe4-6c11-4c9e-8f10-41e5ab52e4ee;20;zwanzig
797457d1-bfb5-4e6b-95e4-f9a2ddee570b;21;einundzwanzig
0024cf5d-08c7-420a-a94b-1a903f11c42e;24;vierundzwanzig
a00169a3-ecd4-4340-8284-5ece9ccc1d55;22;zweiundzwanzig
aa7ccc92-b112-4299-ac25-35e7fa7ceef9;28;achtundzwanzig
c8531940-3917-461d-957e-99bd299ded33;29;neunundzwanzig
a3cc0468-0915-4218-a133-dcc131a88f5f;30;dreißig
02377553-7322-41ff-ae9e-3310be5c83ba;35;fünfunddreißig
867a9e43-c198-4d04-9eaf-5adffd54bbe9;40;vierzig
1e3b4367-e87e-40ce-beed-7c36e8763bcd;50;fünfzig
0d7e8d41-c210-4b59-909c-6c47d1567a4f;60;sechzig
ca919046-ecad-49af-a624-de8ab3548140;70;siebzig
ed980139-f53a-42cb-80ed-87e0832a8011;90;neunzig
58e0b1b9-207a-4e2c-bd52-ff08db01b57c;80;achtzig
766c5e73-d7b7-4cd2-a6c8-dd7898a64352;100;hundert / einhundert
fb337088-eedd-4dd9-aac8-ef9b040f34a7;101;einhundertundeins / hundertundeins
6bd49fff-4f58-47f5-9316-edefd824e43e;111;einhundertelf / einhundertundelf / hundertelf
a9adb0e2-7386-4a4d-8a68-61e2a6650d65;140;einhundertvierzig
ade3bf5a-3e27-4c06-993b-9a674adab3b6;143;einhundertdreiundvierzig
3858905a-0d26-4a34-9ff2-400c0b8b67f8;53;dreiundfünfzig
90cf6d11-c0c8-4f87-8314-684bbc7d560d;920;neunhundertzwanzig
8497e142-e1c6-4000-9c66-7bf5f33a47c0;1000;eintausend / tausend
3fe8ffa1-b9be-40a3-a828-ec5953476490;1111;"tausendeinhundertelf /
 eintausendeinhundertelf"
ed62a19a-f155-46ab-9dfc-a1e55742461e;2000;zweitausend
74d03a87-6e08-44c6-95e4-957b78842db1;5000;fünftausend
b9bed140-410e-46e7-b9a9-2b92d56e3107;em casa;zuhause
9fd8dd97-750b-4325-a877-5106f4c19966;mas;aber
30590bdf-92d0-4736-8e19-1e3b15872cd9;então;also dann
8f01cf0e-c326-4261-b14c-ffcb69ca52aa;porque, por ...;weil
d3930af1-08f3-42c0-93cc-181efa229de2;somente;nur
420aba55-74b3-45a6-b5c2-b179cb122866;a cama;das Bett (neutrum)
6adf791e-fef4-46a0-90ec-4c80e21f20aa;o cobertor;die Bettdecke (feminina)
7f855fe4-fad2-4cc6-a18b-12986b09477c;a mesa;der Tisch (masculino)
99dbf388-ce33-491b-a383-7684e6ed43c7;o prato ;der Teller
7b0a49d6-ab1c-4a44-904c-7e3e33b26104;a faca;das Messer
3e14874c-3252-4c1b-a8ea-ae9756f9220f;o garfo;die Gabel
533de881-de5c-4b82-8bf0-6c0aa485c856;o sal;das Salz
3370a885-f195-41df-a33b-c56c36cc329e;o pão;das Brot
4c055673-555a-46d5-809a-1250ffbaf273;dar;geben
7e133628-9b1d-4f36-aa17-ee0333f189d6;dá-me o sal!;gib mir  das Salz!
eebe9adc-bfcd-4cef-a9b4-1d352ddcb76f;fahren;ir em veiculo
4589eaf0-9814-4623-b154-6e239e709243;das da;isso / aquilo
d57da619-f61e-42d8-99f7-44f95c18d0a9;das da  hinten ;aquilo
eefc8430-39cd-4cc7-9e9c-1c0d896b93fb;das hier ;isso
6c85ec49-48c4-471e-b4e5-5b9d42cb80b3;alt;velho
16f4ab9c-3955-4dc0-b7bf-ab471bc2c213;ir em veiculo;fahren
6c9900ca-0d42-489b-9483-7c3834a2e3a3;geben;dar
c1ca032c-2267-473b-9ff2-7380d7078f76;jung;jovem
9fb5b368-7e58-40dd-98d2-1e264173b2fd;Jungs;moços
c4a92f44-3575-4c7a-b6e5-294e06b2dfd8;Eis (para comer);sorvete
577c35fc-f8b4-47af-8a02-1f6bd0679f53;aquilo;das da hinten
e3997085-0f79-45ec-bcea-4473dac89476;isso;das da 
50a17cc7-90e6-425f-bfde-3e9c17dbaf40;lang;comprido
dbdd544c-9e09-405d-a5af-edb5a30c07dd;Der Schlüssel;a chave
86461990-2301-4970-8bfb-d24d4fc2e19e;Die Schlüssel;as chaves
dd237699-ac1b-4037-badc-e29127c47368;velho;alt
0450915c-461f-4189-9e77-37b000a547ca;fliegen;voar
d91d00ad-3756-46ce-ab57-1fe7cee5efdf;jovem;jung
fa2732dd-418b-475b-a91b-212777dcb438;moços;Jungs
82b4b23f-1f2f-4179-8225-fb049905fdf4;<b>o</b> sorvete;<b>das</b> Eis
c8fce66f-17db-49d5-8d55-16c2cb8d173d;comprido;lang
cc71ffb8-38bf-4ff5-9015-47735eac3572;a chave;der Schlüssel
7cd8c573-a111-48fb-a4eb-03388fa48ff2;as chaves;die Schlüssel
a9010412-a6e9-42de-8b96-126689636e1c;voar;fliegen
51800592-a347-494e-84ee-de2f2477989a;Fahrkarte;bilhete
6e47fb19-fe96-4e20-9c0f-4ce16e98227a;Kreditkarte;cartão de credito
8edd8755-33d1-479d-9c07-20929e70d0e6;Karte (im Restaurant);cardapio
6b6325e5-bb69-4aac-9ae6-8a7afe221a30;o mapa;Die Karte
0c9723fd-7d7a-47a5-a6cf-8cfbcfb053f1;links;esquerda
e1470713-2bb5-427e-a3f4-4c7c417a07ef;rechts;direita
a51ef696-dd2f-488a-a2c1-c84ee1b0c425;O bilhete (para tren / para ir em um vehiculo);Die Fahrkarte
43b92e74-9f3b-46e6-84b2-7d09e8263b18;O bilhete (para entrar / cinema / opera);Die Eintrittskarte
ad87c809-74f8-44d8-bdf0-d45d78870f8d;cartão de credito;Kreditkarte
11c3f148-eed0-44d0-b47e-9579b5643164;o cardapio;die Karte
daf6e3ae-1f9f-45d5-97c5-a163197dfa1e;o cartão;die Karte
1ce65200-3e3a-4d7b-bce8-c012d0cf58aa;Karte (navigacão);mapa
7e78a776-3463-4a8a-8d9c-7f3ae9aacdef;esquerda;links
ce7c7ec7-797f-4628-badd-99d20bf88f1b;direita;rechts
8b8c2fee-8344-498f-b469-8761ce3f5c96;á direita;nach rechts
dcfe4600-2b10-4b2d-a49f-70f37909b4e8;langsam;devagar
d64f0912-4140-496d-8b8b-49f8c8183044;Sprachvisum;vista para aprender uma lenguagem
535ab1c6-f5cb-4b4f-bf32-c0573a5ffaf3;Brot;pão
fc85ad9d-7523-4af1-aed0-3a38af74ebf1;devagar;langsam
73c32393-4892-4365-b583-216ef556e327;pãozinho;Brötchen
018d6acd-fe4e-4e48-b2f9-c39bf7b548c7;Quais pãozinhos vc tem ?;Was für Brötchen haben Sie?
274b5ace-6fe7-49e4-ab53-d378b4454338;o trem;der Zug
6af0b0f8-de5b-4447-9141-47f950dc730a;o pão;das Brot
0b90564c-eca5-4ca8-bedd-88e6b949b4dc;vir;kommen
d638d5b5-0144-45ea-806f-992e36174515;eu venho;ich komme
2d7ee261-2970-4395-89dd-7f6f75b21626;vc vem;du kommst
cfe3b39f-a537-46d3-bbb7-84e33955508b;ele vem;er kommt
84699b4f-97d4-466d-bd5f-2f67bdc2f0ea;nos vamos;wir gehen
facab58f-e3a9-47bb-9170-b086f53635c2;nos vimos (de ver);wir haben gesehen
8bcf0d87-8487-4c6e-9f56-62a1267ec9ff;nos vimos (de vir);wir kommen
a431e861-193d-4b26-bb61-4c4173d63e4e;nos viemos;wir sind gekommen
b269c103-954b-471b-a3c9-55c036b849f5;vcs vêm;ihr kommt
5204a0ae-a61f-464d-8547-ddb362a7b341;eles vêm;sie kommen
838466ce-df16-4c05-a058-fbadd66208f9;O senhor vem;Sie kommen
e747f795-f431-4bd9-a5c4-549b3232d4b5;Quando o senhor vêm ?;Wann kommen Sie ?
ec45706b-2792-43e3-9269-e20171e9fa28;kommen;vir
0a422ab4-66d2-4586-bdd1-febbcc758ceb;ich komme;eu venho
988d41ad-559c-48a7-a98c-655f39a6dbeb;du kommst;vc vem
dacf0e44-12ce-47ce-bc26-ca1d7b4dfac0;er kommt;ele vem
812823bf-8306-413f-ac3b-fbd4caa9dabe;wir kommen;nós vimos
9e685e82-08a1-4a46-b6e4-5e99a37a420d;ihr kommt;vcs vêm
ec1c3733-b205-4925-8b52-9de231596a46;sie kommen;eles vêm
a94c530b-fabf-4065-b6c9-5c237e1f696c;Sie kommen;O senhor vêm
3613ef20-a116-48a2-8a56-7dc037315f1a;Wann kommen Sie ?;Quando o senhor vêm ?
008ab473-ebc8-4514-add0-94a58c7ab11e;Quando o trem chega ?;Wann kommt der Zug ?
7d4ad24b-47cf-4ce0-9325-0fec2d1d09fc;FALSCH;errado
c3bbf0f5-fbaf-4ad3-8cdf-b5ae6a7acae7;Ihr;voces
098c5fa3-1793-4a17-bacc-48cae7185b5c;Montag;segunda feira
6575e447-0056-4351-af76-d8918ed8da65;Dienstag;TERÇA
a3b18bb6-b38f-40af-8517-91c9600cd0c6;Mittwoch;quarta
dc403cf9-d12d-47bb-a95c-5883816f67dd;Donnerstag;quinta feira
b9425359-6395-4b93-b6a2-71f70efcfd96;Freitag;sexta feira
3e66fdd2-1960-44ab-978d-735b94088402;Samstag;sabado
4077ac5c-4a15-4726-aa84-91e39cdac63d;Sonntag;domingo
130056e8-b2a1-4162-99b1-f420afc882ca;Möchten Sie … ?;Vc gostaria de ..?
5060abfa-2d40-4d30-979d-e663f54d2351;Was ist das ?;o que é isso ?
ee22fd42-19ce-4925-98a6-8c14fa9c1b34;Was kostet das ?;quanto custa ?
88bdb783-c71d-407f-8048-97805889a214;Wo ist der … ?;onde está o .. ?
100c75e2-d8b9-4395-ad82-3ec10567651d;Wo ist das … ?;onde está a .. ?
7b44158a-0bab-4e76-90ad-82d80be3c3bd;Sprechen Sie Deutsch ?;fala alemao ?
5dae967c-c04e-41c4-8acd-5a1685901a2d;ICH SPRECHE KEIN DEUTSCH;EU NÃO FALO ALEMAO
9706605c-b4a0-416e-83a3-5cbe130e1996;Ich weiß nicht ;EU NÃO SEI
3d39beca-a5eb-45cc-ae78-98b7362a292a;Sprechen Seie bitte etwas langsammer;FALE MAIS DEVAGAR POR FAVOR
a199b814-fe4a-4b44-ba9b-a3757543bf81;wo kommen Sie her ?;DE ONDE VOCE É?
10755a1c-c30f-4212-af94-a46a4544a718;KÖNNEN SIE DAS BITTE WIEDERHOLEN?;PODE REPETIR POR FAVOR?
b5597883-0e6a-4f57-89b6-592df5000eda;EIN UHR FÜNFZEHN;01:15
810044d8-cb10-4dbe-a800-d4f60e48eb9c;Die Herkunft;ORIGEM
f7e0fe7f-3648-4fde-9c08-54f421f139b9;"ÜBER C/""r""";DE(SOBRE)
e67914f9-0245-4625-88fc-8768bb4d05f6;und;e
681da0f3-1cff-429c-b4ec-d07d9b22eea7;aus (Brasilien);DE(DESLOCAÇÃO)
4cbda697-c74c-41e7-a143-c5b97a6a3646;aus (aparilho);disligado
2af450d9-ff29-47a0-af75-b08f71fb76d7;sou do Brasil;ich bin aus Brasilien
562550b8-b11c-422d-a5d9-9e380d24dc8e;a TV (o aparelho);der Fernseher 
4f3d0c45-512b-4a94-bfa5-fc935b2d2239;assistir TV;fernsehen
f252e15b-224e-4257-9c24-0e33a19ba581;eu assisto TV;ich sehe fern
e4996e21-1a70-4c64-95c7-b84d8533c768;Siehst Du fern ?;vc está assistindo TV ?
08d4b409-86d5-4df1-8214-17198350537c;A TV está desligada?;Ist der Fernseher aus ?
7943eea4-abc0-4606-8e66-64ea3371adfe;im;em/no (masculino)
6bd069ce-32b7-4ef6-b317-b96d90393312;WIE;COMO
e846b42a-c765-4457-8a3b-2706db5b0b5a;woher;DE ONDE ?
d57f626b-a68f-4807-a170-f804389274f7;zu Thomas;(ir) para Thomas
e1d7776b-9440-475b-a8fb-06604dcae089;ist zu ;tá fechado
3f90ea8e-a51f-4cba-878b-5f3b063e2cc0;para casa do Thomas;zu Thomas
5f632dbe-f658-4bb5-bc6e-a47b2d5a8011;bei Thomas;na casa do Thomas
d0088186-b52d-4d2f-a507-c62c2305d2f0;viel;muito
830a6e2f-0c97-44fd-a205-7e5138a21709;schnell;rapido
8e70bb09-4e3b-4edc-91a7-4adf2c7c6f82;zu schnell;rápido demais
9756b6d9-4111-48e3-986f-adc2510f613a;zu viel;demais
26e94b99-40a4-4d61-8b22-401a7680731d;na casa do Thomas;bei Thomas
8a9c6182-b393-415c-9aa0-72fa710e1691;tá fechado;"ist zu; (também: ist geschlossen)"
6ab897d2-08d7-4001-9905-26b18addc82d;beginnen;iniciar
89085636-9f32-4449-bb11-7dbff9e607c4;pra loja IKEA;zu IKEA
ddf29db0-5c9f-4b95-90ea-c31ebdfd8b97;mit Thomas;com Thomas (juntos)
0754c772-5af9-4772-af14-24e9b3fb0bd9;pra Hamburgo;"nach Hamburg (não ""zu Hamburg"", porque é uma cidade)"
645b4628-d531-4bfe-9190-f7efb683c52d;klingeln;TOCAR CAMPAINHA
075ec27c-bf7b-4064-9f68-382a0211985c;berichten;INFORMAR
0a79f43b-223b-4f7b-84c0-bb8707a71f6b;mitkommen;ACOMPANHAR
fbfd3a29-8cf5-41ba-9239-ba4513ca60b0;com Thomas;mit Thomas
68da08fb-902b-47c2-88d8-2c6f9c2445cc;"ca. (pronuncia como: ""sirqua"")";AO REDOR/APROXIMADAMENTE
ecff33d3-08e2-4a43-871d-d38595f27877;danach;depois disso
df9a678b-cddf-4e4d-aeff-10011c95e53f;später;depois
cfd3205e-92c9-497e-9038-724a0ccdc9ac;depois disso;danach
d362fdd2-bb5f-476a-86e7-ee0fbfe24ad0;depois de … ;nach dem/der/den … (masculino, feminino o neutrum)
4114b78f-4839-4b73-9841-9e3d0d9a7b97;depois (nao agora);später
35a8abd2-02dd-4af4-9796-8d47ad3f992e;nach Hamburg;pra Hamburgo
c8bd0718-d519-470e-afe6-1def96fbee9c;durch (lugar);âtravés de
bc0c9393-a664-412f-b736-6d857653ef47;anmachen ;acender, ligar
2c0338b2-44c4-4bea-828d-bf9fcd82f3a7;ausmachen;desligar
26849a20-8edd-4224-bfd1-ff016bca8387;ich mache …  aus;eu desligo a/o ...
27c5930e-3a5c-4ef3-9f63-abc957ad6b0f;da (lugar);aí / ali / lá
ca7979ba-de61-4714-8515-859163b7c934;da .. (razão);por …
7c27a47c-ba61-40b4-8026-91071a04368a;porque;weil
0ecf24af-1be9-4dbc-bf08-a01917137c7e;weil;por / porque
ba817409-b80b-4d92-978f-41d58733211d;erzählen;CONTAR/NARRAR
30ae76f1-6277-4800-b089-452ed2f7affe;hören;ouvir
f382ee3d-4cb3-44c2-b60b-3e64aadfd1b7;in;em/na (feminina ou neutrum)
676beb40-9240-4895-96dd-3609e4c527f4;machen;fazer
0babda71-fe66-40ef-b779-8064cbe3875c;oder;ou
55b66487-66da-4538-a50a-3dbc55607a74;Die Aussprache;o pronunciacao
1f647990-173c-41c0-802d-b08f55824af0;bitte;POR FAVOR
04ddc3cd-1d16-4b95-b26d-5c17e1fc2972;nachsprechen;REPETIR
64075d89-f0ec-48a5-96f1-c7e2e9d6ffb0;auch;também
652c8659-e485-49f3-90d4-cd87d48366d4;üben;praticar
c968353d-a018-4c09-8b07-4c0253901d44;ankreuzen;marcar
495c0697-a15d-4acf-8499-b519775178af;einmal;uma vez
bb4ac658-a94e-4af3-925d-d1621dfac7f1;noch einmal;outra vez
f7a206f1-703a-408b-afd2-5a8a0bb004f3;ordnen;arrumar
76049f31-8ed7-4fc3-aa98-3f048a192c72;spielen ;jogar ou tocar musica (depende do contexto)
fd4d16d8-cc0a-47f6-b3dd-9d270cd66996;schreiben;escrever
3c663728-c372-41e0-8ed4-3503b3c6f8a5;das Beispiel;o exemplo
98329815-8002-4600-b031-47c0a5c7995d;laut;com voz alto
cbe56adc-7096-44c4-a331-65210497654c;lesen;ler
d0a56c65-330c-47bb-acf3-5e0ab0c73fe9;raten;adivinhar
a6b1c024-55f9-4111-beee-8b9b4d13443d;was;que
da52b0d2-443a-4d94-977a-85ca9b2d9108;wer;quem
36cf59fb-8619-41b7-acc3-43766e3a98aa;wohnen;VIVER / morar
a33355fc-4bc0-4212-aa21-936f90d6b0d9;kontrollieren;controlar
efc4cf22-9273-411a-b929-7f7c03a1f25d;liegen;deitar
c20fdd62-c1b0-4d19-abdd-12e530729579;sich hinlegen;deitar-se
a9df0a6a-a85e-468e-b9d9-63368acb133d;Eu me deito;ich lege mich hin
17f23082-4096-484e-b783-74e8481c6193;lügen;mentir
f75ffe6c-faf3-4cd6-8446-f0cbc75971ce;wo;onde
1fdb74c5-feba-4237-84bb-a511c6c7877e;der andere;o outro
d8a1d428-434e-48e3-9691-ca260b47257f;die andere ;a outra
a9ac3041-4b82-480e-adf5-ca2c37b947af;das andere;o/a outro/a (neutrum)
5426ec9a-73b1-4ea2-a468-1006e7665243;ich lege mich hin;Eu me deito
a9b8342c-c5ca-467b-94b6-22f6ae63dc9b;sammeln;coletar
48f8ebfb-834a-446b-985d-219ae5da275d;der Nachbar;vizinho
16cdfbbc-bed6-4857-90bc-9bd7cb686b58;lernen;aprender
ce9a7e3a-b498-444e-853d-0bdb52f20c71;mit;com
99d10bef-3ac3-4e2a-9b4c-ea66345201f8;die Leute;a gente
302f34b3-3192-48f1-837e-58c2f556df80;verstehen;ENTENDER
95fd32f1-cdf6-4ad6-9aab-79e7751dc4f7;der Beruf;PROFISSÃO
5dce3bad-77e4-4b25-abe2-2e31eab4f399;der Wohnort;DOMICILIO
92e201a8-820f-4050-9a59-1b50bfa7a52f;tocar (musica);spielen
4f2a8772-5fc7-47a9-b9fb-5f6ebe61dea4;jogar;spielen
fec4ee29-0d70-49ee-a52d-463316dd8d0b;der Alltag;DIA A DIA
3c077157-cbf2-4c4a-b7e2-4a649e301cc5;auf;em cima
42ef629f-bd89-432f-8bc3-d5b506e7a610;Auf Wiedersehen !;até mais ver
84604917-ba7d-4753-bff5-f521aaf331f0;der Blick;a vista / a mirada
5e52867d-37bd-45c5-b992-2646a07f94df;oft;com frequencia
0f8a3777-e1e9-4a92-acad-6c846f7f5ee7;der Satz;a frase
8c1f5141-e39f-4219-b22e-86e87974f77e;das Ende;o fim
557a5f5f-49cd-4d1f-9bed-7ebd6b107bc0;am Ende des Satzes;EM-FIM DE FRASE
2af3d149-fe0f-42f4-82d8-0cc059c4015f;man;"voce/se 
(exemplo: se você dirige rápido, você pode morrer
Nesta frase, você não se refere pessoalmente, mas ""voce"" se refere às pessoas em geral.)"
d1b4fbb6-a221-43d6-8a33-c68bbe316193;steigen;subir
14c9f137-1995-408c-b19d-132a898c57e5;antworten;responder
0bb5962b-5498-4fb2-a833-4d4383362ed1;das Wasser;agua
bd34fe2e-4355-433f-902d-86deb960130b;gut;bom
1d49c383-04ff-4c45-bc0f-a8c8e69a7a19;jemand;alguém
948a35a9-a783-42c3-b08d-141a6e8764da;möchten;querer
02941107-f275-4206-8fc8-1889d0a9b16f;wollen;querer
09ab2b0b-87a6-4356-9d21-57b2fc761f7f;nehmen;pegar
9ab94d45-1b01-48d0-95b3-914d5c932c55;sagen;dizer
8322bacb-d3b6-4508-92bc-924774e762fb;trinken;beber
3f168b0d-4a65-4412-8597-aa8d0ca01c43;von;de
7b9d3621-7234-4aa3-a810-96e935cccbc7;zeichnen;desenhar
b33c5548-4352-42b7-a347-16ee8b87a287;ganz;todo/a
7810baab-141a-4a58-904b-c80b422f1dec;ansehen;olhar
a596a4cb-760e-4e82-817d-309a09a38b56;er sieht sie an;ele olha para ela
a0132dca-1938-42eb-8305-434e268c7234;nur;somente
3d099a84-c853-4a90-acc1-05afc5aebbea;kennen;conhercer
5d5dc7ea-c178-4be7-9dbb-cc8226f48786;dann;então
f89d1979-13cf-440e-bfda-d3ccb1c08574;hell;claro/a
bf16b97f-baf3-463d-9dc3-0e1c7e23d871;dunkel;escuro/a
66811472-9d24-4e15-bf5c-6ddfcac75aa6;markieren;marcar
c5916e34-a4fd-4967-973f-44aedda71721;subir;steigen
45ef242f-80a0-4948-b502-e315ab9108c9;responder;antworten
07186e03-c188-4f45-aa97-64f4a7f56984;o agua;das Wasser
34696e67-cb5d-4184-9e08-14f32c41fcdc;bom;gut
02141aad-9677-4668-86c6-6ef911bb73cb;alguém;jemand
da960659-2816-4959-a2db-5e91398baac7;querer;möchten, wollen (como egoista)
4fb902d3-e67c-4a90-82bc-fe5207f36122;eu gostaria um pão;ich hätte gern ein Brot
070893ca-11b4-4956-aac7-f1b1f5a7718b;dizer;sagen
577b4ac5-bf23-4dd0-92c0-4b82a39077ab;beber;trinken
592b15c4-1bfa-470a-80da-3d4575495438;das Land;o pais / estado / campo
d500a5ca-cc1f-4ccc-a7d7-7b7af5970a45;de;von
5242816d-d4ba-41e4-a28b-1d629a6c0c50;desenhar;zeichnen
29cacf5d-f667-4f4b-8ad7-3d01a1ae3bc0;todo;ganz
00add301-14d0-427b-bd82-d18afb748f93;der König;o rei
7ecdaa0a-37bd-4bce-95ac-757a01c7ce48;olhar para;ansehen
5bc44078-d0af-41e3-ac51-9a68ef2a6f8d;ele olha pra ela;er sieht sie an / er blickt sie an
537197f5-7408-4571-a163-2465cd4261c0;conhecer;kennen
e8349ee9-cdb3-4fd1-a642-ab63add2915c;claro;hell
362175aa-a3ba-4286-9d84-5515faeb8210;escuro;dunkel
07ea1880-ef66-46f7-b030-acd75ccf11a1;o rei;der König
827128c5-c38e-401a-947a-10ce804ad730;Bestimmter Artikel ;artigo definido
7affefb0-127e-409e-bf05-477d8c5e636e;unbestimmter Artikel;artigo indefinido
a2d0d22a-5e68-4df5-b8ed-a6f24668a0e9;"Grammatica: 
Como formar normalmente  o plural para substantivos masculinos?";"Normalmente por um ""e"" no final da palavra.
Por exemplo: der König - die Könige,
der Tisch - die Tische,
Mas tenha cuidado! Há muitas exceções.
E.G.: Der Mann - die Männer
"
c49fbd14-bae5-454f-855e-83c9b36a0ed8;"Grammatica: 
Como formar normalmente o plural para substantivos femininos?";"Normalmente por um ""n"" no final da palavra.
Por exemplo: die Gabel - die Gabeln
die Reise - die Reisen
die Königin - die Königinnen"
f89ea88f-054b-4e46-b873-c1d7436a2857;die Katze;o gato
91119591-7f7a-4d16-9ac7-1d2de36d9b1e;os reis;die Könige
7a448615-3c50-4f5b-a974-1346067d5dbf;as reinhas;die Königinnen
71f276e4-4c57-415d-84f1-38646f783747;"Grammatica: 
Como formar normalmente  o plural para substantivos neutrum?";"Normalmente por um ""er"" no final da palavra (e muitas vezes com um ü,ä ou ö no meio)
Por exemplo: 
das Buch, die Bücher,
das Land, die Länder,
das Lied, die Lieder,
das Kind - die Kinder,
Das Messer - die Messer"
7ad3d814-1609-4e8e-a72f-3f76affc67e5;o gato;die Katze
35a0eacb-0bea-4cc8-8ef1-ac1466d6f1d7;os gatos;die Katzen
5dce9b80-6f1b-4309-a35b-306fdc1782cb;"Exceções gramaticais:
Como você forma o plural de uma palavra terminada em ""er"" ?";"A palavra não muda!
Por exemplo: 
Das Messer - die Messer,
Der Teller - die Teller,
Der Lehrer - die Lehrer"
a7fb98cd-1064-48e7-9891-80be59cc3c2b;"Gramática:
Por que é 
""Ich bin gegangen"" 
e não 
""ich habe gegangen""?";"O passado para verbos de locomoção é formado com ""sein"" e não com ""haben""."
7a9dda90-459f-42a4-9a7f-917d69033435;as mesas;die Tische
b3f363ce-a5e0-4b4e-8f9e-430a4b7d0864;os pratos;die Teller
7f0706f1-374e-4432-be5f-0da0676b5b7b;os garfos;die Gabeln
5ff63f78-e8ae-4ccf-9e2e-621943520cf2;os homens;die Männer (Exceção)
42dc1d69-dd9d-42cb-bd18-dab3b735c933;"Gramática:
Por que é 
""Ich habe gesagt"" 
e não 
""ich bin gesagt""?";"Somente com verbos de locomoção é que o passado se forma com ""ser"" e não com ""ter""."
4f4cc8ad-f988-4148-9444-cbe0f2678e76;nett;simpático,-a
e4143445-679e-4f15-9366-c426e395e511;o homem simpático;der nette Mann / der sympatische Mann
7d6f1781-b1e0-414d-a186-90457749f563;"Gramática:
Por que é 
""Der nette Mann"" e não 
""Der Mann nette"".";Em contraste com o português, em alemão o adjetivo fica entre o artigo e o substantivo.
2244237f-824f-4455-8813-a6d458fdec86;schnell;rápido
9ae803fe-4835-47a2-a0d4-de9547124a40;Der schnelle Mann;o homem rápido
08b92f3d-ea15-4d74-a9f3-3844a35091a6;Der schnelle Mann geht schnell;O homem rápido caminha rápido
97e48422-499c-431f-b872-e4733b03d5ab;Als + (algo anconteceu);quando (algo anconteceu)
e8b56fab-fc63-4d9b-910e-100755f21c35;mehr als;mais que / mais de
65f26eb0-fdf2-4160-bdd7-9a59143a381c;schneller als ..;mais rapido que ..
6be86040-a976-47b2-9974-7bc23c4da389;Polizist;Policial
c111e11e-fb28-4890-9bfc-94f4f3212262;Als Polizist;Como Policial
19d7abcf-67a6-4cf8-a59d-b6e672c40671;selbst;POR SI MESMO
2ab42676-505a-49e0-b91b-7579c07c05ad;bis;ATÉ
c05d3639-a9bf-4ea5-964f-6ccf95621ba2;notieren;ANOTAR
1da42c35-bdba-4cd2-8427-4c31ae411bea;die Postleitzahl;CODPOSTAL
caacb94c-12fa-4b1f-a36a-c3e8ed7d3803;PLZ;CODPOSTAL
b2fa22ba-78e0-4c72-a60f-a92c381a9230;Dauer;DURAÇÃO
d711aebb-d84f-4104-8866-37e5b3dec730;dauern;demorar
1a1b9824-f40d-4cfe-886e-8b5c7843f449;Stunde;HORA
c5b5f84a-7be1-4fab-a9c2-6c7218ad7f06;jetzt;AGORA
01a8ae37-cfb1-48de-8734-f96371ece70c;müde;com sono
363fdb3a-7b8c-451f-9b35-91725055cddc;wieviel;QUANTO
1912230e-9bc1-41f3-b053-4a592e10dddf;wiedergesehen;visto novamente
0b403ac3-c37f-4a77-b653-01edcabef797;die Uhr;o relogio
152a8ecd-5354-4afb-9f08-cd5bdb4f28f2;die Uhrzeit;a hora / o tempo
6f0c8173-3c69-47c9-a6d6-0c3975eaa5df;anrufen;ligar com o telefono
7f023646-0cfb-4022-a7af-94ac3cfa6fd0;das Wochenende;FIM DE SEMANA
e2bf1e0f-5c14-4f24-9659-feae7e24d440;die Nachrichten;NOTICIAS
a3874153-fd7f-4cb2-a85c-5fa48d55cae7;können;PODER
79ea3b4b-feb3-45b4-a13f-1d3bf2820278;com sono;müde
a150390d-44fe-4c98-ac04-8fb1b8b13daf;nicht machen;NÃO fazer
3a0f208c-5ae6-496d-9c9e-7390c16eb302;nicht sprechen;nao falar
67fa36ff-9bf9-4109-998b-1c7d46901e58;nicht sehen;nao ver
ed23536c-b14e-40fe-9e77-896cf4fd75e4;cansado;kaputt
59651fa8-df1d-4d64-bf64-d62029c47125;kaputt;quebrado ou cansado
a30d1806-8859-492c-b29d-55768f0de6d0;quebrado;kaputt
ae8c52a7-79a0-4901-b55d-461f9f277b7b;Brot;pão
86d07af1-c0ac-4abf-b131-f8ec0aee2ed1;es gibt;há
52df2b25-0521-4ace-893c-78d6038af125;es gibt Brot;há pão
97e89790-3aa9-43d5-bb5f-4959492ba7c3;es gibt kein Brot;não há pão
89b8fb4e-0ba1-4ffc-a746-9b60daa8aecb;o pão;das Brot
a6c35638-6332-4dde-a634-0fac8efa2f57;há;es gibt
07e45fad-1c48-4bdd-bad0-1605f97de543;há pão;es gibt Brot
b1baab9c-78cf-4ab5-93e2-f523a232624c;não há pão;"es gibt kein Brot (não usa: ""es gibt nicht Brot"")"
88305c37-8600-4531-99b8-d4941740fb7d;um 10 Uhr;às 10 horas
8940845f-64bb-46db-9b13-136d5193f931;um .. herum;ao redor da ...
4ce14525-5582-4e85-9ab3-324b27c0dd06;unter;ABAIXO DE
7a15997d-66c2-4f90-9538-ce4527c0cf73;die Aufgabe;TAREFA/EXERCICIO
46bc8d7c-8f97-49c8-9470-5c70f3310942;às 10 horas;um 10 Uhr
f7c7c1db-3b1a-47f5-8cfa-a34578f8386b;erklären;EXPLICAR
0d830a09-7afb-4b2a-8c98-44a5e77a6cc1;helfen;AJUDAR
56b88ba7-4f0c-4dc8-99ec-f54969ba5ff0;wiederholt;repetido
1a476b69-e29a-4e82-9ba1-3d2d4fcff32d;austauschen;trocar
7f86cc13-037d-40d4-94e2-c2accb756b26;meist;A MAIORIA DE/A MAIOR PARTE DE
3ccc9279-d0b4-4618-90aa-b2988cb16328;welche Adresse;qual endereco
0450fa5d-8c71-4595-97e5-f452066bdf70;welcher Zug;qual trem
7562f47e-392a-4565-bb9e-5439fd538da2;Abteil;cabine (do trem)
ac5ade2b-ef59-4164-b579-8d551d3e98e7;welches Abteil;qual cabine
baa2c777-ae14-46e6-9eb7-fa36e82a5cdf;o trem;der Zug
49751ff4-4492-4fb4-bb28-301552ad619e;os trens;die Züge
d5ad1be1-f219-4e45-93eb-432cadb3e28c;beschreiben;DESCREVER
86c268ed-df20-4497-b48e-396f9d0286b5;sehr;muito
04e16cbd-e77c-4099-ad70-9fc90fab9556;teuer;caro
3bb205fd-a0d7-4d49-bcb0-f1770666f4a0;wenig;pouco
f2b90481-2804-4e4b-a7ca-6429f0d88bbe;immer;sempre
05ac1b9c-dfde-4ac4-9ccc-c4bd4875494f;welche Züge;quais trens
dd22eb09-03a6-4c7c-a141-c632e63f0e04;für;para
d0013156-a2e3-41b1-ae9b-2785a0103298;"Gramática:
Como posso encontrar o objeto acusativo em uma frase?";"Você pergunta: ""Quem ou o quê?"".
por exemplo:
Meu irmão adora chocolate.
Quem ou o que meu irmão ama?
Resposta: ""Chocolate"".
Portanto, ""chocolate"" é o objeto acusativo na frase."
6223fed9-8c5f-4d18-bf2c-61b76854236d;"Gramática:
Qual é o objeto acusativo na frase 
""A mesa tem quatro pernas""?";quatro pernas
8d3fe92d-4936-49f9-90c4-b26240ceec38;o Husky (nomitavo);der Husky
9fe9c219-3ab6-4d30-af6b-26f11af80422;o Husky (acusativo);der Husky
edc3d533-dc86-4cd1-acf1-35b5317b2665;"Gramática:
Forma o accusativo singular de 
""der""";den
e8820f3b-254d-4cec-a47d-dd383d182c3b;"Gramática:
Forma o accusativo singular de 
""die""";die
c0689713-e64b-438f-9ba7-f9022d2ac3cd;"Gramática:
Forma o accusativo plural de 
""der""";die
67c8e1a7-630a-406b-8a5b-da4df21ee416;"Gramática:
Forma o nominativo plural de 
""der""";die
5ee8768f-2b16-436f-a9dc-988b9210841f;"Gramática:
Forma o accusativo plural de 
""die""";die
8794b783-c660-4b4f-9cbf-0af2f706c1fa;"Gramática:
Forma o accusativo plural de 
""das""";die
9db7a362-bee1-4a73-8981-c6b05844d986;morder;beißen
3a8a4161-ca80-44f1-bce7-a45883416679;Der Dalamtiner beißt den Husky;o dalmata morde o Husky
eb8e995c-d48e-4061-aff2-0041921f8320;Der Husky beißt den Dalmatiner;o Husky morde o dalmata
efd42925-9824-43a3-a081-a91ef99866bf;Den Dalamtiner beißt der Husky;o Husky morde o dalmata
e112e6d7-f883-444b-b30b-51d5b8fd6b59;Den Husky beißt der Dalmatiner;o dalmata morde o Husky
e05c6eda-1818-4ba9-98d3-9c406959f7c7;o dalmata morde o Husky;Der Dalamtiner beißt den Husky
598ca926-f873-47e2-b2b9-4110873b71f2;o Husky morde o dalmata;Der Husky beißt den Dalmatiner
df0adb72-2db9-4c06-bc0d-68c7276da9d6;o  cão morde o gato;"Der Hund beißt die Katze (""die Katze"" é femina)"
c02f4647-fe45-4ff2-9e60-04658dcc75f1;"Gramática:
Forma o accusativo masculino de 
""ein""";einen
52560935-b2e1-419d-ad7c-00c4da316a00;"Gramática:
Forma o accusativo neutrum de 
""ein""";ein
bc5437e7-d11f-4059-8a95-e38c5e6e6f7a;"Gramática:
Forma o accusativo de 
""eine""";eine
10649c9f-46da-4c8b-bb0a-3c2f22c15a29;Um cão morde o Thor;Ein Hund beißt Thor
7b8e8115-6d0b-48e8-a93e-124f2481a41d;Thor morde um cão;Thor beißt einen Hund
f184f8fb-6529-48f2-8be3-146a4c3ea3c3;Ein Hund beißt Thor;Um cão morde o Thor
167e6a25-ebcb-4a19-b6b5-af5c2471ccfa;Thor beißt einen Hund;Thor morde um cão
46b0b5f9-5713-4d44-b85b-3757fac6ac29;verrückt;louco
439edc1c-7c7d-413b-99ea-dc093a6823f3;rot werden;corar-se
b3c94929-7ea9-44db-8a2e-a92d4d8fe373;müde werden;cansar-se
d5284034-e1db-4eda-8cce-22a6538ddfcd;stark werden;Torne-se forte
bb604987-da66-4270-aef0-359db223d676;verrückt werden;ficar louco
1c98c852-a731-4f68-9f54-0eb1ba605a71;eu me coro;ich werde rot
8bec9def-368a-4faa-adde-816ead3b902e;vc se cora;Du wirst rot
f4539781-31d3-4e86-83f7-1e975fd0c503;ele se cora;er wird rot
323ffcea-c3bd-41c5-b007-c64884f42cad;nos cansamos;wir werden müde
606b6239-7b76-498f-9739-a40d6ef99144;eles se cansam (por sono);sie werden müde
fb595ee5-da34-4cff-bc63-099f4a279341;ich werde rot;eu me coro
203166be-9333-4b42-80be-17cc80ecb711;Du wirst rot;vc se cora
a96a39e9-cd4c-441a-a80e-a6b6dec8d6e1;er wird rot;ele se cora
0c5cee56-696e-4229-8f14-761afdac2993;eu estou com sono;ich bin müde
a59e3ca3-98ed-4de1-8ac3-51badb603186;você está com sono;du bist müde
99cb166f-8ca0-4c3c-81f8-2ebce41f6038;ele está com sono;er ist müde
2689ced1-0b0c-4425-a04e-067c1798a102;nos estamos com sono;wir sind müde
80fe3413-071c-4db5-8e8d-63d7bcf44518;eles estão com sono;sie sind müde
90706d60-abf7-4d15-a677-aa9daa0352bf;ich bin stark;Eu sou forte
679712da-1dd5-491e-a979-b654b8e2b594;ich werde stark;Eu me torno forte
8b7aea7e-297a-4c58-b18a-73eded7586fc;ich bleibe stark;Eu continuo forte
4aa842ea-9994-4fbd-ace1-cb1b34ff3a8a;du bist stark;você é forte
6b55280a-5f66-4513-b1fb-63d8dd054a37;du wirst stark;você se torna forte
d780d5e5-2436-4d92-82a8-693aa7b3bcfa;du bleibst stark;você continua forte
7593083a-b310-4f80-8a5d-9f0b5213bfa4;você é forte;du bist stark
a15a27b5-44dd-4b36-88c2-5c826c799cae;você se torna forte;du wirst stark
9d498a9c-b791-4435-8c56-e1de22fd45b0;você continua forte;du bleibst stark
bf2e26e1-fb61-4f2e-a905-831c94bc0b3b;Eu sou forte;ich bin stark
edd3cff1-33f2-4a61-bf61-5ce5bb64a57d;Eu me torno forte;ich werde stark
20e5698a-d4f2-40bc-8f02-3a6d7d31dac1;Eu continuo forte;ich bleibe stark
ed66372d-7a52-4254-b68c-289f3f1410bf;ich bin müde;eu estou com sono
cc151351-fbb9-45b0-bc77-9075dc799c89;du bist müde;você está com sono
48131254-f0bd-4776-b492-ce7262d96a4a;er ist müde;ele está com sono
d82981ca-a158-4256-86d3-84de4a08595f;wir sind müde;nos estamos com sono
1da5da8b-6792-4107-91a3-23b9a92c8883;sie sind müde;eles estão com sono
8e4f815e-6fa9-4da9-8abe-1d59517cddc9;zeigen;mostrar
3662ba36-2ab3-4e36-9552-3ef1012aa8f9;suchen;procurar
1618b68e-e323-4195-98eb-052411b9235b;kaufen;comprar
8e3b0304-0ae2-47c0-92cf-a2a9815b519a;mögen;gostar
fd6351a7-5aa0-409c-a138-a245540b4487;alle;todos
d80756f7-c5e5-4575-8fa9-c47a3083edba;alles;tudo
db6a39ad-14ab-4d54-928a-a3fe3ac2d024;so schön;tão lindo
b5f8ff1d-0c69-400e-ae49-337682ceafe6;so ist es;assim é 
0536269b-a206-4a91-bbb1-8ccdf1459c9f;so schnell;tão rapido
bca98796-ea39-453d-87c9-1c277748ea1b;zahlen;pagar
5bf43581-354d-406f-b16c-a202e644db8b;wir zusammen;nos junto, conjuntamente
fc52eedf-ed1d-4e94-95bc-cfc723b5dece;macht zusammen 10 EUR;faz um total de 10 EUR
fd4ce33d-0799-4e76-ad61-66c8ad096c01;wann;quando
058e3478-c1ce-4bdf-bc56-fb4bd3c7e284;ab + (tempo / lugar);a partir de
b0146445-4ced-403b-ac83-e16abc1d0e65;je;cada
9ee953e3-501a-4b60-9fb7-0e8231897ebe;MELDEN;informar
c0420b88-da5b-4c79-976c-3c5be8266582;mehr als;mais de
a416502d-fbe9-4cfd-8c9f-c4dbc591c294;sich verabreden;marcar um encontro (com alg.)
436a1b95-95b1-49d7-80c0-290e32849b36;etwas angeben;indicar algo
c0f76c31-0838-49f6-8c23-3a5124fdbe7c;stehen;ficar de pé
da2e9c50-af56-4591-83d6-e7d971d6aec1;aufstehen;levantar-se
0efe9404-cbe2-4290-9fc9-504f6b51b21d;tudo;alles
b3eb0e61-7768-4e66-a796-c43d637042b7;tudo isso;all dies
bfed6230-d01e-4499-90ee-d04e80869934;bringen;trazer
03327d66-04f6-481c-b254-4475659a26b1;essen;comer
c2dfb44e-2ac4-41d5-887b-b80144b9ac1e;comer;essen
39f42219-1a83-412b-98e0-404617043f2e;a comida;<b>das</b> Essen
c288f991-78ae-4ba9-9595-6af4f65ffe84;a janta;das Abendessen
62746325-9074-485e-bdc2-7750df9095b9;das Abendessen;a janta
23186917-153e-4aeb-9a78-d47f82aca8b3;jede;cada
35e2ef93-e499-4513-a3d2-8e9bd635df37;anfangen;COMEÇAR
2711a372-e681-4d3b-8d85-05dc134087d0;aufmachen;ABRIR
0e5e1fda-14ab-4d28-9a88-0e8b34b7a458;zuhören;ESCUTAR
8759bebc-5012-4cb3-8185-a8b7f1cd7094;kochen;COZINHAR
8ff8a9a6-875d-46d4-b3de-f09f9300e633;putzen;LIMPAR
6baca802-7108-40d6-b7f8-fdcb08e3496c;sehen;ver
6217ba74-73e6-43ce-8506-43af0bffd7cb;träumen;sonhar
a771bc2a-26b2-4bf0-a62e-33afef5db852;warten;esperar
0147105c-b444-4480-8746-812539113bca;wegen;POR/A CAUSA DE
43ddb88f-ac13-456e-96ad-69f8cb10ea0a;erkennen;reconhecer
84a3855b-cf79-4a7e-b41b-6689b6266664;warum;por que
4c16f01b-9187-4a4e-8e35-fb11822c11f1;einfach;facil
aba9a708-621a-4e23-8fb1-879aeca4ec63;gerade (temporal),;AGORA/NESTE MOMENTO
7cd9886d-c11e-4d5b-9a64-8e6021af65c1;gerade (geometrico);em linha reta
d353eb55-c9bd-4e83-8399-14755194a872;o endereço;die Adresse
21018ba5-5a01-4f9a-b66c-43c07432236c;sem álcool;alkoholfrei
9a196ad4-7f0a-47db-adac-682ca9bb3cb5;sozinho,-a, só;allein
ee7f3a56-6ee3-402b-b674-4bc957bb1c5b;o construção;<b>der</b> Bau
0fff0d79-a739-46b2-bed4-55a458353b99;o construção antiga;<b>der</b> Altbau
8c06d0ae-0385-455d-a37d-7bfb94f2357d;o apartamento ;<b>die</b> Wohnung
5380770e-9f8e-4e12-9eea-f0bbf2bf4dc7;o apartamento da construção antiga;"<b>die</b> Altbauwohnung (femina porque ""die Wohnung"")"
75fa9525-db70-4381-958b-8419a5543a0b;ligado;an
f1e5885c-9201-439b-9910-e354af82e53c;die Adresse;o endereço
4303e0e9-f897-4f52-8df5-83fff4fd0482;alkoholfrei;sem álcool
30ce8883-e508-4bbd-a9d9-3ed547c85d22;allein;sozinho,-a, só
32618131-7358-4039-9fe4-0a8cf73dbdc0;die Lampe ist an;a lampada está ligada
beee6187-41d0-4c69-bad6-b00c288271b8;o fim;<b>das</b> Ende
e4fe10ef-fc73-45c5-bdb5-d9f82fc514cc;fim da semana;das Wochenende
9984ee59-ee52-42af-9dc7-0810dd43114c;nas fins da semana;an Wochenenden
a41bec8a-4a86-4a52-8bdd-cf795cacc1cc;no Natal;an Weihnachten
afa9d7de-c899-411f-ad02-0054751e6246;o abril;der April
c21c192c-a294-4543-ad86-d91d53839773;no dia primeiro de abril;<b>am</b> ersten April
972b9f15-8682-418d-9216-3084f675e707;começar;anfangen
cdbf46f6-6f35-4604-bca4-eb8c2e381c61;o inicio;der Anfang
ac2ffec4-3f30-46de-a30f-686466c76d32;ele começou (<b>passado!</b>);er hat angefangen
ad193501-2957-4be0-bc1a-6d81fed1cf7a;a chamada;der Anruf
d048b4a3-4c54-46df-846e-2621c68ef63d;ligar, chamar;anrufen
84885612-045d-4ad6-a20f-24a4359f2339;ele ligou;er hat angerufen
cef8f471-ec5f-41e6-b5ed-1fce2fd78758;ele respondeu;er hat geantwortet
4b4c3910-7a52-401f-b73e-a59023889b4f;o suco;der Saft
513877df-8f50-484f-84f9-33fb09eb316d;a maçã;der Apfel
3a7b52fa-b515-4028-ae37-26de162b75dc;anfangen;começar
df108178-9499-4629-9a90-9dd47d2d690e;o suco da maçã;der Apfelsaft
a691834d-328e-4c97-ad1d-44fba766bdfa;os sucos;die Säfte
4d47b19c-cfcd-4c12-b032-94251d1e67d5;os sucos da maçã;die Apfelsäfte
e6ac4439-cb45-4970-a388-7e0724d42a7f;Die Schorle;"	bebida, normalmente vinho branco ou suco de fruta, misturada com água mineral com gás"
62b93ee8-f7a9-4648-b074-b4a3234bc6a4;suco da maçã misturada com água mineral com gás;die Apfelsaftschorle
928cb5e1-3845-435c-8690-c560afac0518;o trabalho;<b>die</b> Arbeit
bf9a2894-7291-4dc6-84e7-e63eb6eb6bd1;os trabalhos;die Arbeiten
8dc8fe1a-e65a-47bc-9698-c18919e8c148;trabalhar;arbeiten
d916d7f3-d196-4894-bf35-8fdc93d4a642;ele trabalhou;er hat gearbeitet
929231e8-09c7-4843-ae1c-b867cd4b1b73;a instrução;die Anweisung
f398912e-3c95-4078-805e-85b1c3d945d3;a instrução de trabalho;die Arbeitsanweisung
f5f851a4-0399-4b8a-af20-cac7826a0849;o quarto;das Zimmer
bd613869-818c-4452-aba7-c8a67227ed60;o escriório (em casa);das Arbeitszimmer
73f0344d-81c2-484a-9150-831b62f1fb20;pobre;arm
0b960034-4858-4b52-b4b1-c645d7cdfa49;o braço;der Arm
d2d5d41c-4b3a-4cdf-bef5-9816fbe2f2b6;o artigo;der Artikel
74fa1c59-b9db-499c-9288-29db8666f405;o médico;der Arzt
68161ca0-2e66-4557-abcc-f0fae922c5bf;a médica;die Ärztin
2a8723e2-726a-4eca-b44f-fbe702e9797d;os médicos;die Ärzte
4d36615f-1c96-4df9-917d-df11c4e172a8;as médicas;die Ärztinnen
bb5c6cee-207a-4472-83ef-2550c88f69e2;a hora (marcada);der Termin
729fc6f1-ba8b-4a7d-ab1d-a2155f0b5ee1;a consulta / hora marcada com médico;der Arzttermin
1cc704dc-0436-42a4-9674-c4691df9e6e7;atraente;attraktiv
c643dee7-711a-4473-a870-b20d54c9e00d;auf dem Land;no campo
71831f7b-2ef4-4e86-9064-ceafbad39e0e;Auf Wiederhören!;tchau!
b47b15d1-7f34-426e-9ac0-4555f810022e;Auf Wiedersehen!;tchau! Ate a vista
36ba274e-659d-4850-8c94-987bcafb0484;ele se levantou;er ist aufgestanden
2ebfce22-ee2f-44bd-a6ab-a8db7b725dc6;a saída;der Ausgang
6cce2a31-cc9a-4079-bd30-719077f03ea2;ausgehen;sair com alg.
ef9e07f1-0968-40a8-800f-393d68425887;a autoestrada;die Autobahn
626cbc68-be58-4e6e-b727-96ec3d28f1b7;a concessionária (de carros);das Autohaus
3bc53734-7254-4d0d-8d67-82666be9f397;tomar banho;baden
c9b9f5e5-774c-4aa2-acd1-982ef02bc20c;ele tomou banho;er hat gebadet
44126be0-badd-4bcf-afda-9fd1f640e5bd;tchau! (no telefono);Auf Wiederhören!
0fa4af86-424a-45b1-8fa4-681a1fcf0143;Adeus! Ate a vista;Auf Wiedersehen!
d544b680-8925-487f-b1cb-297e4acc39d2;o banheiro;das Badezimmer
4dc6fe0f-e8a1-4cc7-ab3e-62d3011d97a6;o trem;die Bahn / der Zug
8245639f-0d61-48cb-b460-82dd067026c8;a estação de trem;der Bahnhof
ffa2bb71-c4c3-400d-9052-44ae63bb3b46;balcão  / sacada;der Balkon
23d57e10-cce8-4c3f-9e0e-3e004c67cb9f;o banco;die Bank
9acd9eb3-9a3d-4c30-a796-30a889791bac;os bancos;die Banken
6f6fd9c4-0a09-497d-b30b-86f94c102abc;o bar;die Bar
177f9300-7838-4448-87ad-435eaab83ce9;o sítio / casa rural;das Bauernhaus / der Bauernhof
9912d9d1-085d-4f61-b082-707af9f1e948;a caneca;der Becher
af1958b6-0873-4e13-ae79-732d10f43730;beginnen;comecar
a1971142-8752-40ed-83f0-91960d76e104;mit der Bahn fahren;ir com trem
e497d482-08d3-4564-baed-36c032bb7528;er hat begonnen;elle comeceu
df457903-1d69-4fc2-8d13-cc02367337f1;Begrüßung;saudação
92f46ca4-1025-4e13-8ecd-c514356bd2a3;das Bauernhaus;o sítio
b3560c05-e34b-41e9-92f0-66badabbdd01;der Bauernhof;o sítio
49d0c9be-0a3e-45a8-88a6-b64a6ee57e1c;<b>a</b> saudação;die Begrüßung
b085178d-045e-4a3c-b77c-51ec875047db;em cima;auf
40fb2d00-0846-486f-956c-b2c8f115bd16;bei Hamburg;perto de Hamburgo
ecd28d8d-ca8f-4afe-954c-971603d25fbe;bei der Arbeit;na trabalho
f5aa0ff7-fb73-4237-bccf-2737a776d023;bei mir;onde eu estou / comigo
00c4d6a0-f8ec-4a77-9bea-d5e0dec458a0;mit mir;junto comigo
12960d84-5022-4295-914a-09ce9497297d;beide;os dois / as duas
6fd4c6fe-66cb-4dcf-92d6-11f75b841680;receber;bekommen
51049c3e-3ff7-4e7f-95b9-e55e9f2c0c4f;elle recebeu;er hat bekommen
42644330-7755-4982-bf4f-3fa584766233;alguém;jemand (Nominativo), jemanden (acusativo)
2cc0d1f2-c01e-4b8d-9ce2-3c252f76b79c;aconselhar alg.;jemanden beraten
b4342a8c-6a20-4ca3-be40-e6001f5d7ca4;na trabalho;bei der Arbeit
94a4f29a-31ba-4662-9703-65934ee0e2b3;os dois / as duas;beide
d4f93c39-b77b-4053-9ef7-68bf9480499d;die Beratung;a consulta
282cb57a-8ab6-46ae-91b6-6b28e89702c6;aconselhamento ;die Beratung
63b9c244-1f1e-40bd-9da3-e37227b19882;a profissão;der Beruf
da767e86-b1aa-4ab8-84cf-7ac0c2d3b329;bekommen;receber
b0c5e79d-b144-4132-b301-41d1a9c0243f;famoso / -a;berühmt
6fbf7c2c-3149-46b9-a837-b78cdff78688;o ator;der Schauspieler
f0d81d42-72dd-4d19-b0ad-1c7a68f4efa3;a atriz;die Schauspielerin
dced2ee4-c085-4863-a39b-5705967891d1;a famosa atriz;die berühmte Schauspielerin
dde8ecef-40e2-4bd8-8f75-ab7a3f571ca6;encomendar;bestellen
eec95553-1449-41af-95ef-7dffe32dea8b;a encomenda;die Bestellung
6e4d3bfa-452f-477a-bf92-35f9b49aad25;visitar;besuchen
5e4eeb95-b2bd-4d12-ade1-c4cb5674f03f;besuchen;visitar
0b60658d-e29b-4cce-b583-1428505704b0;a tarde;der Nachmittag
4dd3e70a-54cf-4eb8-a8d8-541f9ff1fec6;a noite (até 24h00);der Abend
5a20aab9-4c09-4c4d-898c-e662f7c0c1ec;a noite (entera);die Nacht
d5001779-841c-41fd-b389-d23a16b67572;a proximidade;die Nähe
1021a7b8-6711-45a3-b87b-4f66ddf5d90a;o nome;der Name
4e0ff674-cc37-465e-8637-f37850008cee;a natureza;die Natur
7c1dc6d3-ca30-48b9-bc2e-b986aaa00d5d;a neblina;der Nebel
8b259543-533d-47e9-a97e-67a9feca557a;o norte;der Norden
63dd6588-b4a9-4255-affe-ccdb9455bbe5;o bloco de notas;der Notizblock
21ca400a-610c-4cf4-b0f2-eb9b475647f4;o numero;der Nummer
e2e3d682-ed87-4940-b128-889cabf8cac6;o oktoberfest;das Oktoberfest
8a4060a8-5a77-4dd4-a351-f790c2c1f71c;a ópera;die Oper
88ee30c9-f676-41cb-8232-fdccc4eae51c;o suco de laranja;der Orangensaft
e03091e2-f49c-422e-be63-80dda1eb8d1e;pasta de arquivo;der Ordner / der Aktenordner
b7b9134e-c455-42fa-bb4a-f2a610d67c74;o leste ;der Osten
91fe0d4f-ccd0-4b38-a244-60cdd299b6c8;Austria;das Österreich
7eaf2e2f-1a87-4c3f-baa6-df9eaf1fc042;a avaria;die Panne
2c8df115-2af2-443b-9caa-0a64bd68273f;o papel;das Papier
38278615-fafa-4c7f-b860-7fc62ec1f3c7;der Nachmittag;a tarde
9f5e9d43-e4d3-45f1-ba16-8db6c43f5557;die Nacht;a noite
383d0e15-8a90-42db-a0a4-7d8c31d3eab0;die Nähe;a proximidade
52104c97-3858-45c5-b6ab-9bc21afb5041;der Name;o nome
9029a98d-fbd5-4688-8afd-d633d6454176;die Natur;a natureza
8edf2ea5-7575-4ff3-b3d9-c78b22fe4010;der Nebel;a neblina
e1573f28-d3d6-4865-a037-896f42d9117f;der Norden;o norte
ffd9b6cf-ab6a-4a84-9a85-33d4d636274d;der Notizblock;o bloco de notas
e01794ad-98bf-4a40-9b9c-1340c756e43e;die Nummer;o numero
5dd1598e-cd8e-420a-9c53-691ff6c22ff7;das Oktoberfest;o oktoberfest
e3a93ad3-fd82-4893-ba18-895b6991a1bf;die Oper;a ópera
b95de1f2-1838-4112-9fe9-84c04324191d;der Orangensaft;o suco de laranja
66a17b95-68f8-41ce-ab99-f09463a8c10b;der Ordner / der Aktenordner;pasta de arquivo
cd975abf-ea20-4208-a894-3042ae6c7fa5;der Osten;o leste 
9daaa4b4-f0dc-459b-a449-8749ab5eeda8;das Österreich;Austria
6cb82449-b4ff-4219-994f-c467f99fe1c1;die Panne;a avaria
3b6e78ed-adfa-464e-b833-d01e358369b5;das Papier;o papel
c3f76040-e38c-44e6-833a-617d280e140e;o cesto do papel;der Papierkorb
ee5d8b9f-5b2f-4eb4-8687-419ed456558c;o parque;der Park
8f0f8dc2-7564-46db-981f-92c2643a1518;o parlamento;das Parlament
04485162-a9b5-413c-82e9-93edfa7638c3;a festa;die Party
bc2afff3-dea0-4323-9476-f0f0c91f8b03;a pausa;die Pause
194e1b56-191b-4900-b170-8391121d9339;a pessoa;die Person
bdad2079-a51a-4564-b8b6-8c8fb1a2cf75;o piloto;der Pilot
fad44b26-4306-4e78-b716-d40c9275a3fe;a pizza;die Pizza
4805a45c-551e-4aaf-b11e-3c430821f5c3;o plano;der Plan
dc1cfb55-95dd-4486-af46-710db5b08d98;o lugar;der Platz
5ec10b77-74b5-40e6-8fe4-5b8f7e62d645;a praça;der Platz
bcf496c2-51a3-42d3-8cd8-0a1db47f002b;o espaço;der Platz
fc7ffa82-6f30-4f52-9a65-8d4d682d9f7b;a vaga;der Platz
86002b17-ea86-4fac-bc87-3ce26c971541;a policia;die Polizei
a3f1e098-cd41-4d44-95a7-77669723a8f6;o código postal;die Postleitzahl
9b4302d8-de62-49e8-8960-758305b3bc00;a pratica;die Praxis / die Arztpraxis
2a1db9ba-c956-4ddb-a71c-d5416ce1dd7e;o preço;der Preis
556e62e0-0cee-4c5f-be04-6eb421c5748a;o problema;das Problem
b1917768-5469-4c1c-b90d-85166b1b2576;por cento / %;das Prozent
67370d2b-c32e-4c8c-aa11-e20d659ba98b;dez por centos;zehn Prozent
930c6d1b-8a67-4af3-a88b-36fe088caefd;o ponto;der Punkt
8a56f969-d806-44ca-a649-0e453c4756df;a pontualidade;die Pünktlichkeit
336b0dde-89b7-46a5-8130-626d93f62619;o metro quadrado;der Quadratmeter
9e9e320e-13a3-4654-bd67-f48bef2b4991;a borracha;der Radiergummi
c84a871a-6cef-40c7-9cb9-f2f67695253b;der Papierkorb;o cesto do papel
ddef3b2d-9cef-4ea5-be8b-eecbaf5da354;der Park;o parque
cddee8fc-6924-4b0c-9220-2bd3b9975225;das Parlament;o parlamento
2de781e9-7083-4376-9c36-20b00a34777f;die Party;a festa
6a85bd9e-52cd-4b67-a7d6-f0e52d46b7c3;die Pause;a pausa
06eabd61-6143-431b-b77a-c919899cbb00;die Person;a pessoa
f207396b-d168-4f45-9245-f8f140f8b309;der Pilot;o piloto
8f6e42a9-92d0-4db7-9ff7-0c66b2fc8530;die Pizza;a pizza
1e9e3c9f-db26-4432-b9e1-4441cd637841;der Plan;o plano
13017227-c1ba-4e5c-8600-4a187f3e0c65;der Platz;"1. o lugar
2. a praça
3. o espaço
4. a vaga"
ef40aa59-5ac7-4391-81d4-c8853168c595;die Polizei;a policia
e4a973aa-3261-4f5b-af69-5ba427a2ae7e;die Postleitzahl;o código postal
5822346d-95d7-4570-acd5-f0c488c0450d;die Praxis / die Arztpraxis;a pratica
2cb3eed4-fdba-49f0-9c7e-e27c8cfaa683;der Preis;o preço
0a90a9aa-71b7-413f-ac88-79852b365ef6;das Problem;o problema
62d69b17-d644-4a3e-ac64-2369cd302ef1;das Prozent;por cento / %
764b849a-0112-4d66-80a7-4d1a72161ed8;zehn Prozent;dez por centos
75eb749f-0489-4441-87e8-da58f2df8f0f;der Punkt;o ponto
37f96998-5e75-4f24-9b40-8edcff4a9870;die Pünktlichkeit;a pontualidade
8515233b-54c5-48a2-9b2a-537b47fcf698;der Quadratmeter;o metro quadrado
466edd34-a466-4edf-b567-feef25984363;der Radiergummi;a borracha
14c11058-1c59-496b-89cc-cc0bbb36f7b3;o radio;das Radio
1b55271a-c842-41e1-a22f-b3eb0a6d5064;a conta (restaurante);die Rechnung
f993a0dd-7ad9-4425-9edf-19ced503043d;a estante / a gôndola ;das Regal
0cf335e5-99c7-4fda-b39c-a5cf51e88b6d;o restaurante;das Restaurant
585955ea-4a76-4b71-8f79-271acbb7ea78;o vinho tinto;der Rotwein
53827445-6559-4cfd-b826-371520af2f60;der Rücken;a costa
0b0a2e32-2c95-4bef-8044-285f49d1ea74;der Schmerz;a dor
72ef20a4-a166-4baf-b7d1-76645e9f8646;die Schmerzen;a dor (plural)
cc353144-eb36-445c-a6d4-d4170d2c8794;a costa (do corpo);der Rücken
75d12000-3244-44eb-a409-018a83fbe425;a dor (plural);die Schmerzen
f1f35d38-6f55-4c7a-8e20-4487bde04d32;as dores nas costas;die Rückenschmerzen
19795d98-eeec-497a-b87b-b11fb3e85658;a calma;die Ruhe
120fea35-9ce7-41e0-8982-f3f109bf1d8b;calma (estou calma);ruhig (ich bin ruhig)
96e8eab2-3d72-4abd-a774-c2aa4c3e9368;o suco;der Saft
6ce5b24c-2c06-4bd4-b7f9-195a30f40bb7;colher (coletar);sammeln
76842e76-ba68-4988-939c-9176da50181e;colher (agricultura);ernten
6e4605d0-3cff-4f16-b847-52b8f5c5225c;coletado;gesammelt
1f8eaee9-6598-4737-aecc-e7fea7c71eef;ele tem coletado;er hat gesammelt
a2143022-a174-4e3c-b8d4-4a2ffaff898f;o sábado;der Samstag
e369b2eb-574f-4f33-b8f8-fc4ece812c7c;o sandwiche;das Sandwich
e58ac35c-a881-4c81-9211-7b3e3af7571f;a frase;der Satz
6414725f-11aa-4378-8e5b-b735b2d29d1c;o brilho;der Schein
02f924a3-cdf9-4265-913d-7fcdf98d10e3;a nota de 10 EUR;der 10 EUR Schein
952f5d72-f190-4268-ae54-891e4b64340c;o quarto;das Schlafzimmer
8f740458-63a3-467c-8da3-10d74c7185cc;a chave;der Schlüssel
a1457709-c2ef-4236-b671-89359e0f1046;a secretária (móvel);der Schreibtisch
96a06e54-6892-4a65-bc9b-a6dfb72119ef;das Radio;o radio
327758b8-7b6b-487d-8e2d-1ad66cc3092e;die Rechnung;a conta / fatura
ab6ba59d-c5c3-4d16-8b90-70750acbcbff;das Regal;a estante / a gôndola 
477f689e-bdc7-4c90-b178-e857d4f3e8fa;das Restaurant;o restaurante
d4a56f9c-51a7-4f42-9c85-0f7f74fcd657;der Rotwein;o vinho tinto
2af4c23a-cc44-4799-b317-b6fe3522e8a4;die Rückenschmerzen;as dores nas costas
54bfb328-37c5-4de5-a66b-6342a3685f50;die Ruhe;a calma
844e1c35-21ae-40d7-b855-c2711cb68109;ruhig (ich bin ruhig);calma (estou calma)
8d97c014-861c-41dc-9f75-daa13dcf29a2;der Saft;o suco
ecd5b793-2176-4b40-bf2d-860a7b4f1419;sammeln;colher / coletar
96d437fd-c4e8-41d5-810e-beddddf02d9e;ernten;colher (agricultura)
d7dc81f2-77ff-4d84-b012-aaa60853769d;gesammelt;coletado
87348e4f-3e16-4e16-9598-c3330c3cfcf4;er hat gesammelt;ele tem coletado
3b8d1250-fdd9-40af-8f8d-7fe0dbcd0f13;der Samstag;o sábado
5643b405-44ba-44b4-8246-eb4377ac8d7d;das Sandwich;o sandwiche
6d60939c-a949-43c8-a0c8-89de6f47ddb3;der Satz;a frase
a6df55ff-407b-4ccc-8034-324cd287b6f3;der Schein;"1. o brilho
2. um papel importante como certificado ou um bilhete"
b3b6be67-0eeb-4f6b-abc0-43cbc3c88d67;der 10 EUR Schein;a nota de 10 EUR
54e6cbc7-b5cf-4e73-81e6-6050e47cc81f;das Schlafzimmer;o quarto
1d047f0b-f4f6-4525-be33-e51cb8208fe5;der Schlüssel;a chave
2dff6fec-95ed-4c5f-a23a-857ad1331ab6;der Schreibtisch;a secretária (móvel)
bc988fe5-64df-4e65-845a-73384f665757;luminaria de mesa;die Schreibtischlampe
3f61845f-2927-4a1e-95e9-edf6c6219eeb;o sapato;der Schuh
3ccfda43-dbf3-4a5d-8ce3-794e50bbd794;os sapatos;die Schuhe
75dcd3ba-2143-4123-b99e-523af4fe35f8;a escola;die Schule
d07ab1f6-75b9-4031-b670-1b1d2922d859;as escolas;die Schulen
be0ee29a-3262-4808-bb51-95569880859a;o aluno / a aluna;der Schüler / die Schülerin
e1adcfca-59ae-4ce6-b77f-3fdc918bee72;a suíça;die Schweiz
52715ba8-3fa7-48ae-9a1c-b2f64f559dd6;pesado;schwer
328d964b-40c1-42e5-9169-8480c7d8a678;a piscina;das Schwimmbad
d449c9fe-b866-4f7f-b308-d5054d36b021;nadar;schwimmen
1b7c1fcc-4a3a-4827-b5a4-a2cfd0df0727;ele nadou;er hat geschwommen
e967296d-2f92-4d36-a49c-e5a30a3be0a6;o sofá;das Sofa
4aa341e9-10c7-4ceb-88fb-3e54e4663183;o filho;der Sohn
c0dec7ca-bd0b-4a9c-985b-e2e6caa14060;o verão;der Sommer
78ce2655-0f72-4c80-a2e9-159a6a083d9e;o domingo;der Sonntag
b5016f04-503c-40b3-b67d-96b261e52455;a diversão;der Spaß
6a0aa83b-807f-458d-b6f7-0a51fbf576fa;o espelho;der Spiegel
f38d3154-29af-45e4-92ee-b02c184bedb2;jogar;spielen
75675a47-d061-49e1-939c-d299fba1da47;ele jogou;er hat gespielt
82caa276-4215-4280-90fa-bfc2ebb28666;jogar algo no lixo;etwas wegwerfen
0d4784a8-95c3-4288-8c44-9d445bd0a9c7;o esporte;der Sport
48c9749e-d091-40fb-b15f-d1765ee8db23;a lingua;die Sprache
4731bf10-41a5-4750-bcbc-77e219c9246f;o estadio;das Stadion
60df8bf5-a24d-4228-8ca2-79e16d4c1f99;a bobina;die Spule 
c57966e8-ad0a-4a1e-88bb-2194e168b2f6;die Schreibtischlampe;a lumuniaria de mesa
3751f7cd-e488-41f4-92bb-918fb19812ed;der Schuh;o sapato
7217032c-80c3-40b9-9c6c-72ed858e1042;die Schuhe;os sapatos
f0b76a2e-61e5-44c9-9235-4db7f38c78ed;die Schule;a escola
3470b3b8-1daa-4db5-a3a9-113f21efc323;die Schulen;as escolas
5e73a58f-9121-4f27-90eb-8787e5d43240;der Schüler / die Schülerin;o aluno / a aluna
fe22f6ad-be7b-415f-8ec3-609ab20676c0;die Schweiz;a suíça
244df516-82b2-4985-9974-12872b3114cf;schwer;pesado
17cc4236-7d79-43fc-90ec-90d1275f57e0;das Schwimmbad;a piscina
4f61e037-05cd-46bf-bf59-52bcd6569185;schwimmen;nadar
86740f95-eb59-4128-aa8f-d6b6b8ebc464;er hat geschwommen;ele nadou
32067528-823c-4cab-aab2-1c3a3a6bad9c;das Sekretariat;a secretaria
331e8f35-68e2-481f-bf61-c033133530fd;das Sofa;o sofá
a0bd5acd-f364-4589-92a7-3841802a7a92;der Sohn;o filho
79edfa25-f6f9-49e5-873d-4aa67c4a5b2c;der Sommer;o verão
f0cf77e2-ef0d-4620-9ff6-37059181fcc2;der Sonntag;o domingo
0d620cc7-ad7c-4f35-8045-fc8c1b2f3972;der Spaß;a diversão
949bf7f5-bb3b-4a47-8fbe-85182e9e9a14;der Spiegel;o espelho
a147b1c2-f7fa-40e8-b926-afaf4e2222df;er hat gespielt;ele jogou
92d5d0f7-5111-4ac6-96b8-e4728ac2569f;etwas wegwerfen;jogar algo no lixo
39a01c6b-a96b-4d55-be52-2296e904bf4d;der Sport;o esporte
04d008f2-a204-41e7-9171-719e6738b676;die Sprache;a lingua
1a39c1cf-a7cf-4eb3-bd56-51d5d1b008e7;das Stadion;o estadio
73372f71-8eb5-47b4-9520-d17bb67f9b2b;die Spule ;a bobina
57a75c46-3b38-460e-acb7-1ae89fb91711;o cão dele;sein Hund
3597620f-9ef4-4bb6-933b-15bad71dd674;o cão dela;ihr Hund
7a02c939-eb85-4fb7-931a-1f943093d179;meu cão;mein Hund
a3f414fb-c84e-411f-aa44-e58d6f71cf2c;nosso cão;unser Hund
74eef2dd-078e-4d3c-912e-11d15ca0ad89;o cão de vc / seu cão;Dein Hund
760011d7-ad11-4fce-bced-4fcc95b6a3b1;o gato dele;"seine Katze (por ""Katze"" é femina)"
3dacee17-7247-4e5b-a56b-f9b9652bf93b;o gato dela;"ihre Katze (por ""Katze"" é femina)"
23371fc0-d45f-497d-8141-27b4ea7d7052;meu gato;meine Katze
5187068e-0285-4ff2-b648-8bb58a310252;nosso gato;unsere Katze
4da80332-56d2-478d-9e9c-8d2df6f9daf3;o gato de vc / seu gato;Deine Katze
a2119214-aa6a-42e7-96b2-8c428a200a47;o faca dele;"sein Messer (por ""Messer"" é neutrum)"
f94a1d4c-c867-4cae-b8d2-f880a3a62ed1;o faca dela;"ihr Messer (por ""Messer"" é neutrum)"
358eed30-d912-4995-89e8-8ef091368261;minha faca;mein Messer
e189b123-c794-451b-98b0-cfe1ced93687;nossa faca;unser Messer
4f050f88-f6e9-4f22-8b53-18d848ce0e07;a faca de vc / sua faca;Dein Messer
d0b52d0d-140f-41ce-ac25-95559fb78b8b;sein Hund;o cão dele
24365e6f-e4a1-46b1-af48-81031fab48bc;ihr Hund;o cão dela
241e0ee0-e553-4d09-8bcc-37a543d4020d;mein Hund;meu cão
b5da2d7b-2f20-495c-b439-38c7b3f39f33;unser Hund;nosso cão
be76ae35-4772-4d33-bd25-7b19c3e7bf3b;Dein Hund;o cão de vc / seu cão
13572edc-9ce1-4b34-97df-6b1c0829e0e9;seine Katze;o gato dele
6c0561b0-83dc-4de9-be96-7810d6a2c8c7;ihre Katze;o gato dela
48b4e373-10f3-4acb-8ae8-9f37ffb7c2e0;meine Katze;meu gato
24c3df9f-1c8f-44dc-8526-7052028fdf4f;unsere Katze;nosso gato
69b48e96-458f-4b6b-8828-f3e7aa182b09;Deine Katze;o gato de vc / seu gato
3dc482ba-639a-41fc-8c6a-f28a7ed3f66f;sein Messer;o faca dele
f721cc6f-398e-4f0d-856a-8c2fd14b2af3;ihr Messer;o faca dela
2bd179c6-a4db-4d8c-b841-7fa8b2be9d88;mein Messer;minha faca
3af07673-0ea9-4f43-bf10-877d14950758;unser Messer;nossa faca
9f06a6d5-d6ae-499e-801a-b082f9cd7a58;Dein Messer;a faca de vc / sua faca
8f09a351-872d-4098-b720-58053d9135af;vamos! Vamos lá!;dann los! (tbm.: auf geht's !)
56c0e11e-a61d-465b-9118-58cacae764e5;vor (o significado principal);em frente de
2f84d905-e540-4ccf-aa03-b0fc9b85c395;vor dem Haus;em frente da casa
e21ca395-29b0-41fb-bfa3-573bdf9ab924;vor Christus;antes des Christo
482623d2-f9a8-4c22-aaf8-c104d1db93d7;vor zwei Jahren;dois anos atrás
ed40a775-8bb9-4ce9-b308-61e39256acb6;vor allem;sobretudo
b11bfd2d-d84c-4977-a2ee-1c8b5ca1fa99;die Hitze;o calor
e0b2d7da-7d46-4ab9-9387-953a587f91cf;umkommen;morrer
c4cbd437-5ccb-4b7d-9818-36e48771a938;sterben;morrer
c9d0a35f-1fac-4126-9457-829031517f22;vor Hitze umkommen;morrer de calor
e29bd6cb-1008-4090-9692-cb74224dba5a;Ok, dann los!;vamos lá!
0f8eb1e0-0c18-4489-9fad-62e7b606b9d1;em frente da casa;vor dem Haus
00e29e88-73e5-4d43-b0f3-0e3f140db15c;antes de;davor / vor
87c69076-cae2-43e1-b640-0284501077bf;antes des Christo;vor Christus
c159249c-2e31-4c4f-9c34-8b4c0f119b93;dois anos atrás;vor zwei Jahren
7a1bd431-f344-4a70-b468-fcb938fe5a3f;sobretudo;vor allem / vor allen Dingen
50e0649a-5a6a-49cb-8b72-15c45548edba;o calor;die Hitze
1c31da8a-6c9d-4a7c-9994-7885f0ea6393;morrer;umkommen / sterben
738a4c56-72c1-4d8a-a26b-a2f477925bb7;morrer de calor;vor Hitze umkommen
671348ce-311e-4aa8-a2aa-9f7e3461e50a;"Gramática:
Como é formado o gerúndio em alemão?";"Não há gerúndio em alemão. 
Se você quiser, você pode possivelmente incluir a palavra ""jetzt"" ou ""gerade"" 
na frase para indicar que algo está acontecendo neste momento."
37a736ca-99ed-481f-abd7-610f8d7be758;eu me levantei;ich bin aufgestanden
adbce462-ebca-46fc-a324-4f5c457976a5;eu comi;ich habe gegessen
b82d82c3-5be4-4b0e-8a25-77f1bca95885;já comi;ich habe schon gegessen
8c718b0c-0538-4721-af0c-ae8988153957;já comi hoje;ich habe heute schon gegessen
19b5587e-be91-4db3-90b8-8253de634abe;Estou morrendo de calor;ich komme um vor Hitze / ich komme vor Hitze um
9e97e9ef-3b30-40c2-829f-798ec82d3863;eu morri do calor;ich bin vor Hitze umgekommen.
139dfc77-22c1-4d47-8bc4-1e2cac2ff07a;wo steht das ?;onde isso está  escrito ?
eaa2b8c5-d548-4e7b-9168-551ac4f1bba2;Schnee;o neve
f2db80b3-b9e5-43e4-9ae3-21074b671488;schneien;nevar
d2531349-6b1d-4fde-8daf-377c827e3505;es schneit;está nevando
c4e339d4-059f-4b42-87f3-18484e5ada69;o neve;der Schnee
9d66314a-0874-49fc-a86b-76e8e877e899;onde isso está  escrito ?;wo steht das ?
786935ab-5b4e-44d8-a2bd-7d15be332f1f;nevar;schneien
9fda73ef-1b53-4c48-a57b-86c53134698c;está nevando;es schneit
f144c0af-6ded-4da8-a490-69066f76d42e;"Gramática:
Em que consiste pelo menos uma frase?";"De um sujeito e de um verbo. 
Por exemplo: ""ich gehe"" 
sujeito: ich - Pergunta: quem ou o quê? 
verbo: gehe"
4f521fe7-9865-43bb-b0e5-ac75f95e6cf6;"Gramática: 
O que é um verbo separável?";"Este é um verbo que consiste de um certo prefixo e um verbo. 
Por exemplo, ""aufmachen""
(Só para sua informação, existem os seguintes prefixos que fazem de um verbo um verbo separável: ab, an, auf, aus, ein, heim, her, herauf, herein, heraus, hin, los, mit, nach, vor, weg, zu, zurück)"
bcf61621-bb3c-4c95-8018-f2c63ed80ac9;"Gramática: 
Quais dos seguintes prefixos não fazem de um verbo um verbo separável?
ab, be, an, auf, aus, ein, emp,  ent, er, ge";be, emp, ent, er, ge
d9a1a654-d6d5-4c32-ae27-d957f34da3c2;"Gramática: 
Quais dos seguintes prefixos não fazem de um verbo um verbo separável?
heim, her, herauf, herein, heraus, hin, hinter, los, miss, mit, nach, ver, vor, weg, zer, zu, zurück";hinter, miss, ver, zer
4c35205d-506f-422e-8296-ae16cb9484fd;"Gramática:
Questão de pronúncia: O prefixo de um verbo separável é dado por uma tensão especial?";"Sim, sempre.
Por exemplo: <b>auf</b>machen. Nao é auf<b>machen</b>"
595ec745-b081-410d-9930-564a9311f00f;"Gramática:
Questão de pronúncia: O prefixo de um verbo non-separável é dado por uma tensão especial?";"Nao!
Por exemplo: ""ver<b>sagen</b>"". Nao é ""<b>ver</b>sagen"""
aa12027c-f6ed-420e-883f-836a4bd9bfb6;a porta;die Tür
004db4bf-1e62-4c0a-96f7-f9cd7858287b;Eu abro a porta;"ich mache die Tür auf. (por o verbo ""aufmachen"" é separável)"
3c7ab19d-b2ac-4fc6-aa0f-a6c1fd0e8c3f;vender;verkaufen
b3c83488-ce9a-4c36-aac8-96357a22eed3;eu vendo a casa;"ich verkaufe das Haus (por o verbo ""verkaufen"" nao é separável)"
44bff56c-8b55-4967-90c3-1e2af7b2510d;eu estou comendo;ich esse gerade
f7dc6cdf-8d06-43fe-91d8-8b204ed23b55;eu dirijo o carro;ich fahre das Auto
858103ad-ae4e-4873-b38d-5d5344d48980;eu estou dirigindo o carro;ich fahre gerade das Auto
85f0dc08-d622-4b9c-bf9c-f7c10e09d27d;verkaufen;vender
